[
  {
    "condition": "minecraft:location_check",
    "offsetY": 1,
    "predicate": {
      "light": {
        "light": 15
      }
    }
  },
  {
    "condition": "minecraft:location_check",
    "predicate": {
      "dimension": "minecraft:overworld",
      "light": {
        "light": 15
      }
    }
  },
  {
    "condition": "minecraft:weather_check",
    "raining": false,
    "thundering": false
  },
  {
    "condition": "minecraft:entity_properties",
    "entity": "this",
    "predicate": {
      "nbt": "{Tags:[\"undead\"]}"
    }
  }
]
